"Classification of Barangays";"Geolocation";"2015-2016 Rice";"2015-2016 Rice noodles";"2015-2016 Rice cakes";"2015-2016 Corn";"2015-2016 Corn cakes";"2015-2016 Flour and flour products";"2015-2016 Wheat noodles";"2015-2016 Bihon / Sotanghon";"2015-2016 Bihon";"2015-2016 Sotanghon";"2015-2016 Pasta";"2015-2016 Canton";"2015-2016 Fresh miki";"2015-2016 Instant noodles";"2015-2016 Bread and cakes";"2015-2016 Pandesal";"2015-2016 Sliced / Loaf bread";"2015-2016 Buns";"2015-2016 Camote";"2015-2016 Cassava";"2015-2016 Gabi";"2015-2016 White potato";"2015-2016 Eggplant";"2015-2016 Ampalaya";"2015-2016 Chayote";"2015-2016 Okra";"2015-2016 Carrots";"2015-2016 Cabbage";"2015-2016 Camote tops";"2015-2016 Pechay";"2015-2016 Stringbeans";"2015-2016 Tomato";"2015-2016 Habitchuelas";"2015-2016 Garlic";"2015-2016 Onion";"2015-2016 Ginger";"2015-2016 Gourd";"2015-2016 Squash";"2015-2016 Mongo";"2015-2016 Peanut";"2015-2016 Banana (all variety)";"2015-2016 Banana (except saba)";"2015-2016 Saba";"2015-2016 Mango, ripe";"2015-2016 Pineapple";"2015-2016 Papaya, ripe";"2015-2016 Calamansi";"2015-2016 Watermelon";"2015-2016 Pork";"2015-2016 Beef";"2015-2016 Carabeef";"2015-2016 Chevon";"2015-2016 Chicken";"2015-2016 Duck";"2015-2016 Chicken egg";"2015-2016 Duck egg";"2015-2016 Milkfish";"2015-2016 Tilapia";"2015-2016 Roundscad";"2015-2016 Dalagang bukid";"2015-2016 Tuna (all species)";"2015-2016 Shrimp";"2015-2016 Mussels";"2015-2016 Other fish species";"2015-2016 Crustaceans";"2015-2016 Mollusks";"2015-2016 Other fishery and aquatic products";"2015-2016 Dried fish";"2015-2016 Fresh or pasteurized milk, raw milk";"2015-2016 Powdered milk";"2015-2016 Liquid milk"
"ALL BARANGAYS";"PHILIPPINES";109.874;0.117;.;14.702;.;.;.;.;1.078;0.162;0.354;0.871;0.406;2.688;.;211.218;5.312;46.929;4.534;2.932;0.954;0.906;4.261;2.368;1.561;1.231;0.494;1.125;.;1.236;1.916;2.970;0.174;1.260;2.341;.;0.965;2.897;0.804;.;.;11.400;7.601;3.889;0.935;2.062;1.408;.;8.900;1.043;0.175;0.101;9.315;0.183;83.821;3.013;4.463;4.782;5.230;0.444;2.713;0.743;0.383;.;.;.;.;.;0.258;.;.
"ALL BARANGAYS";"..National Capital Region (NCR)";98.464;0.185;.;0.462;.;.;.;.;1.486;0.285;1.109;0.955;0.165;2.661;.;353.664;5.932;33.031;2.366;0.432;0.758;1.546;3.481;2.759;2.765;0.941;0.799;2.072;.;1.307;1.039;3.572;0.173;1.560;2.751;.;0.895;1.637;0.803;.;.;12.198;2.339;3.309;1.007;1.188;1.854;.;13.625;1.298;0.014;0.016;14.510;0.040;122.837;0.708;6.933;7.470;5.293;1.022;0.839;0.886;0.792;.;.;.;.;.;0.645;.;.
"ALL BARANGAYS";"....First District";89.425;0.015;.;0.139;.;.;.;.;0.331;0.040;0.125;0.518;0.038;2.571;.;384.910;2.896;23.134;1.462;0.215;0.096;1.432;1.846;1.796;1.991;0.910;0.375;1.174;.;1.105;0.822;1.977;0.141;1.036;1.836;.;0.289;1.502;0.591;.;.;10.453;1.278;2.618;0.649;0.534;0.950;.;12.586;1.610;0.066;0.021;14.969;..;120.695;0.030;4.846;5.642;4.585;0.628;0.483;0.475;0.233;.;.;.;.;.;0.001;.;.
"ALL BARANGAYS";"....Second District";104.512;0.076;.;1.077;.;.;.;.;0.343;0.157;0.787;0.479;0.078;3.198;.;488.758;5.201;25.533;2.636;0.187;0.185;2.417;3.472;2.300;4.133;0.779;1.478;2.009;.;2.185;1.773;4.105;0.129;1.551;2.887;.;1.307;2.262;0.960;.;.;7.235;1.204;4.918;1.634;1.175;2.125;.;14.471;0.928;..;..;15.247;0.051;121.786;..;7.080;8.125;4.789;0.672;0.176;0.488;1.361;.;.;.;.;.;0.314;.;.
"ALL BARANGAYS";"....Third District";81.942;0.131;.;0.144;.;.;.;.;0.501;0.050;0.733;0.105;0.225;3.027;.;440.442;7.366;16.938;3.640;0.327;0.124;3.228;2.753;3.320;3.188;0.552;0.451;2.971;.;1.269;1.506;4.190;0.174;1.905;2.815;.;0.551;1.894;0.378;.;.;14.224;2.221;4.304;1.444;1.948;1.922;.;13.913;0.984;..;0.004;15.691;0.259;138.020;..;7.056;7.986;3.172;1.609;0.683;1.122;0.439;.;.;.;.;.;0.498;.;.
"ALL BARANGAYS";"....Fourth District";106.847;0.323;.;0.708;.;.;.;.;1.987;0.655;1.411;2.819;0.451;1.823;.;348.969;5.846;47.633;2.005;0.960;0.640;1.858;3.027;2.461;1.910;0.921;0.646;1.592;.;1.460;1.270;3.461;0.364;1.449;2.677;.;1.321;1.579;1.390;.;.;13.389;3.348;3.886;0.781;0.798;2.023;.;11.551;1.508;..;..;11.257;..;128.992;1.149;7.182;5.667;5.640;1.040;1.749;1.069;0.902;.;.;.;.;.;0.568;.;.
"ALL BARANGAYS";"....Fifth District";100.979;0.201;.;0.403;.;.;.;.;2.199;0.246;1.490;0.293;0.019;3.003;.;283.931;6.787;34.541;2.431;0.256;1.444;0.583;4.671;3.222;3.176;1.141;1.040;2.421;.;1.104;0.637;3.912;0.068;1.709;3.097;.;0.878;1.497;0.611;.;.;12.422;2.364;2.476;0.998;1.424;2.003;.;15.114;1.233;0.012;0.031;15.911;..;114.291;1.085;7.484;9.036;6.209;1.025;0.570;0.923;0.935;.;.;.;.;.;1.066;.;.
"ALL BARANGAYS";"..Cordillera Administrative Region (CAR)";125.530;0.016;.;0.461;.;.;.;.;0.973;0.215;0.561;0.700;0.318;3.484;.;114.381;9.658;7.305;3.281;1.203;1.142;5.307;4.500;3.103;5.763;1.055;0.874;3.087;.;3.505;3.068;4.177;1.845;1.461;2.906;.;1.374;3.924;1.065;.;.;11.408;6.748;4.749;1.445;3.424;1.689;.;13.388;1.605;0.204;0.121;13.635;0.291;96.401;0.337;6.976;5.704;2.952;0.152;0.193;0.497;0.402;.;.;.;.;.;0.037;.;.
"ALL BARANGAYS";"....Abra";120.340;0.006;.;0.551;.;.;.;.;0.771;0.671;0.109;0.560;0.256;5.051;.;77.236;3.102;5.188;1.681;1.009;0.372;0.505;7.847;4.473;0.153;1.539;0.163;2.232;.;0.823;3.944;7.431;0.043;1.314;3.727;.;5.178;3.798;1.108;.;.;4.100;4.534;8.218;0.236;2.154;0.428;.;11.973;1.945;0.054;0.025;9.744;0.085;89.244;..;6.716;5.140;4.841;0.003;0.030;0.369;0.450;.;.;.;.;.;0.232;.;.
"ALL BARANGAYS";"....Apayao";154.877;0.032;.;0.874;.;.;.;.;0.407;0.116;0.168;1.632;0.339;8.961;.;52.734;6.533;16.230;2.898;3.099;1.645;0.586;5.666;4.039;0.239;1.301;0.293;2.665;.;1.496;4.581;4.239;0.656;1.579;3.207;.;2.463;1.991;0.828;.;.;7.174;10.850;3.958;0.881;2.845;1.557;.;13.455;1.395;0.185;0.359;9.208;0.494;73.601;1.069;4.313;7.519;1.721;0.193;0.943;0.469;0.077;.;.;.;.;.;0.054;.;.
"ALL BARANGAYS";"....Benguet";106.436;0.023;.;0.333;.;.;.;.;1.471;0.239;1.089;0.717;0.539;2.982;.;176.242;15.178;6.505;3.591;0.768;1.069;8.194;3.182;3.053;7.051;1.045;1.490;4.088;.;3.604;2.137;3.928;2.182;1.872;3.357;.;0.511;2.678;0.877;.;.;11.316;3.425;5.124;1.765;2.789;2.322;.;15.528;2.262;0.020;0.102;18.355;..;116.880;0.471;9.283;5.589;3.724;0.296;0.294;0.874;0.641;.;.;.;.;.;..;.;.
"ALL BARANGAYS";"....Ifugao";143.000;0.002;.;0.563;.;.;.;.;0.294;0.010;0.014;0.292;0.026;2.581;.;22.455;5.049;3.082;5.038;1.301;2.124;1.474;4.636;3.407;6.318;0.817;0.334;2.711;.;5.588;5.286;2.655;2.293;0.882;1.529;.;0.946;6.765;1.079;.;.;16.670;5.225;3.702;2.839;4.730;1.326;.;10.399;0.759;0.734;0.236;9.741;0.891;57.324;0.069;2.607;6.562;1.408;0.051;..;0.127;0.048;.;.;.;.;.;..;.;.
"ALL BARANGAYS";"....Kalinga";166.608;0.024;.;0.180;.;.;.;.;0.634;0.032;0.088;0.968;0.101;2.719;.;130.107;4.026;15.641;2.204;1.522;1.338;1.252;5.445;2.266;2.390;1.285;0.285;1.328;.;2.614;4.293;4.344;1.361;0.996;2.833;.;0.842;3.733;1.979;.;.;16.272;13.491;2.153;0.887;7.164;1.715;.;12.163;1.109;0.670;0.192;13.106;1.091;76.457;0.457;6.293;7.438;2.105;..;..;0.080;0.116;.;.;.;.;.;..;.;.
"ALL BARANGAYS";"....Mountain Province";129.838;0.001;.;0.794;.;.;.;.;0.682;0.003;0.377;0.497;0.073;2.346;.;38.734;9.039;4.493;3.551;1.704;0.904;10.864;3.617;1.625;13.506;0.383;0.886;2.741;.;6.218;1.177;2.443;3.440;1.106;1.531;.;0.305;6.994;0.911;.;.;12.671;14.814;3.090;1.136;2.600;1.297;.;11.384;0.189;0.077;..;7.518;0.113;100.351;0.042;5.184;3.283;0.764;0.032;0.027;0.046;0.260;.;.;.;.;.;..;.;.
"ALL BARANGAYS";"..Region I (Ilocos Region)";124.831;0.058;.;0.326;.;.;.;.;0.489;0.197;0.089;0.144;0.246;3.184;.;125.580;6.321;23.814;2.366;0.767;0.554;1.827;5.961;3.297;0.998;1.874;0.570;1.568;.;0.964;3.244;6.003;0.341;1.158;2.452;.;2.191;2.927;1.448;.;.;7.480;1.710;2.531;0.267;0.826;1.392;.;12.705;1.864;0.126;0.193;9.810;0.275;97.687;0.863;7.967;7.578;4.378;0.120;1.182;0.463;0.406;.;.;.;.;.;0.017;.;.
"ALL BARANGAYS";"....Ilocos Norte";123.210;0.010;.;0.497;.;.;.;.;0.497;0.144;0.100;0.367;0.476;3.367;.;196.526;8.785;18.365;3.312;0.838;2.174;1.316;6.043;3.691;0.236;2.550;0.402;2.072;.;0.643;4.604;7.867;0.061;1.118;2.007;.;2.352;4.531;0.899;.;.;10.369;2.955;4.281;0.406;1.561;1.223;.;17.740;4.352;0.199;0.629;11.862;0.993;96.661;1.092;4.197;7.664;5.129;0.261;3.172;0.661;0.446;.;.;.;.;.;..;.;.
"ALL BARANGAYS";"....Ilocos Sur";123.611;0.133;.;0.459;.;.;.;.;0.937;0.439;0.339;0.520;0.561;4.720;.;216.774;8.026;21.782;3.416;1.044;0.303;4.123;6.568;2.709;1.493;2.253;0.583;3.478;.;0.748;5.158;7.512;0.920;1.424;3.542;.;2.170;2.676;1.150;.;.;9.025;3.764;3.832;0.593;1.355;2.905;.;14.381;3.280;0.457;0.233;10.055;0.185;114.721;1.345;5.580;7.305;3.743;0.249;1.692;0.275;1.056;.;.;.;.;.;0.033;.;.
"ALL BARANGAYS";"....La Union";125.151;0.116;.;0.264;.;.;.;.;0.789;0.525;0.062;0.072;0.564;3.503;.;169.505;7.840;31.550;2.448;0.871;0.587;2.291;4.722;2.843;1.437;1.813;0.676;2.376;.;0.799;4.016;4.183;0.793;1.227;2.847;.;2.384;2.125;1.141;.;.;9.716;2.101;2.308;0.473;0.692;1.752;.;15.659;1.871;0.232;0.098;11.819;0.356;109.392;0.375;7.601;4.574;6.561;0.043;2.977;0.760;0.712;.;.;.;.;.;0.053;.;.
"ALL BARANGAYS";"....Pangasinan";125.316;0.031;.;0.282;.;.;.;.;0.286;0.045;0.037;0.037;0.027;2.687;.;76.884;4.977;22.821;1.918;0.655;0.303;1.233;6.201;3.508;0.881;1.680;0.565;0.767;.;1.127;2.295;5.886;0.112;1.081;2.151;.;2.103;2.945;1.719;.;.;5.864;0.870;1.971;0.099;0.608;0.952;.;10.430;1.066;..;0.134;8.728;0.136;90.115;0.864;9.345;8.590;3.688;0.089;0.118;0.376;0.148;.;.;.;.;.;0.006;.;.
"ALL BARANGAYS";"..Region II (Cagayan Valley)";123.490;0.056;.;1.208;.;.;.;.;0.848;0.135;0.155;0.320;0.855;3.574;.;150.861;4.158;44.835;3.493;2.079;2.594;1.410;6.670;3.347;1.164;1.853;0.436;2.634;.;2.376;3.974;4.958;0.684;1.709;3.401;.;1.728;3.207;1.763;.;.;10.345;7.335;3.175;1.048;1.987;1.607;.;14.034;1.386;0.634;0.137;10.647;0.721;95.503;2.012;5.414;8.392;3.404;0.171;0.607;0.252;0.294;.;.;.;.;.;0.120;.;.
"ALL BARANGAYS";"....Batanes";114.398;0.046;.;0.908;.;.;.;.;0.801;0.388;0.241;0.276;0.074;1.946;.;77.034;5.728;110.407;10.473;1.590;1.277;0.161;4.294;3.391;0.175;1.230;0.488;4.814;.;5.060;2.326;2.335;0.337;2.878;3.741;.;1.136;3.060;0.912;.;.;11.433;3.964;2.839;0.124;3.711;1.428;.;12.182;5.069;1.454;0.357;4.425;0.041;81.221;0.484;0.904;0.200;3.931;1.360;3.314;0.103;0.034;.;.;.;.;.;..;.;.
"ALL BARANGAYS";"....Cagayan";125.118;0.082;.;1.390;.;.;.;.;0.605;0.135;0.103;0.661;1.049;3.182;.;122.849;3.023;18.259;3.994;2.011;2.132;0.628;6.686;2.926;0.630;1.624;0.306;2.768;.;2.015;4.233;4.736;0.483;1.450;2.916;.;2.299;2.491;1.414;.;.;8.842;7.430;3.487;0.371;1.627;1.351;.;12.840;0.876;1.299;0.238;9.856;0.455;79.269;3.587;5.183;7.672;2.680;0.337;1.562;0.487;0.240;.;.;.;.;.;0.095;.;.
"ALL BARANGAYS";"....Isabela";120.405;0.045;.;1.357;.;.;.;.;0.758;0.090;0.175;0.106;0.932;3.750;.;156.640;3.936;70.528;2.029;1.313;2.492;1.149;7.538;3.910;0.709;2.015;0.452;2.429;.;2.349;3.766;5.203;0.258;1.911;3.943;.;1.260;3.040;2.293;.;.;9.402;5.595;2.889;1.170;1.002;1.567;.;15.100;1.806;0.315;0.061;11.373;1.077;103.113;1.416;4.836;9.009;4.043;0.088;0.079;0.141;0.345;.;.;.;.;.;0.134;.;.
"ALL BARANGAYS";"....Nueva Vizcaya";129.635;0.045;.;0.735;.;.;.;.;1.516;0.186;0.219;0.154;0.495;4.234;.;197.136;7.527;39.069;6.171;3.144;3.259;3.837;4.275;2.653;3.310;1.926;0.722;3.219;.;3.342;3.864;5.184;2.019;1.758;3.141;.;1.637;4.539;1.294;.;.;15.554;11.372;3.300;2.047;4.717;1.899;.;14.223;1.336;0.233;0.135;10.943;0.300;117.677;0.920;7.268;8.604;2.945;0.053;0.103;0.114;0.250;.;.;.;.;.;0.069;.;.
"ALL BARANGAYS";"....Quirino";120.270;0.027;.;0.513;.;.;.;.;1.017;0.276;0.132;0.345;0.328;2.960;.;149.255;2.909;26.566;3.028;4.735;4.078;1.175;7.196;3.650;1.566;1.863;0.286;1.621;.;1.786;4.368;4.185;1.155;1.528;3.059;.;2.041;4.662;1.404;.;.;11.070;8.206;3.100;1.346;3.213;2.477;.;13.051;1.150;0.169;0.087;9.848;0.917;76.513;0.539;6.062;8.292;4.162;0.044;0.096;0.110;0.383;.;.;.;.;.;0.306;.;.
"ALL BARANGAYS";"..Region III (Central Luzon)";110.964;0.088;.;0.455;.;.;.;.;0.714;0.121;0.439;0.231;0.206;2.694;.;214.876;4.376;41.361;3.230;0.913;1.198;1.661;4.317;2.978;1.159;1.258;0.600;1.811;.;1.521;1.843;4.651;0.207;1.924;3.235;.;1.445;1.718;0.745;.;.;10.044;2.802;4.714;0.714;1.331;1.762;.;12.445;1.059;0.160;0.181;12.051;0.375;109.146;2.465;6.932;9.276;4.141;0.772;0.834;1.314;0.555;.;.;.;.;.;0.583;.;.
"ALL BARANGAYS";"....Aurora";124.194;0.113;.;0.240;.;.;.;.;0.757;0.498;0.180;0.179;0.232;2.724;.;154.251;1.804;43.006;5.446;3.766;2.478;0.605;4.667;3.005;0.696;2.066;0.395;1.572;.;0.946;2.197;4.113;0.145;1.382;3.118;.;2.631;3.714;1.163;.;.;5.392;6.195;2.831;0.811;2.045;2.387;.;10.571;2.132;0.130;0.371;6.657;0.343;102.005;1.031;5.374;4.929;2.720;0.333;3.832;0.733;0.461;.;.;.;.;.;..;.;.
"ALL BARANGAYS";"....Bataan";103.120;0.160;.;1.656;.;.;.;.;1.107;0.229;0.542;0.209;0.164;1.993;.;268.510;4.258;39.400;2.172;0.349;1.127;1.419;3.597;3.397;1.223;1.349;0.731;1.543;.;0.891;1.596;3.445;0.203;2.481;3.749;.;1.323;1.937;0.726;.;.;9.875;3.685;5.222;0.376;1.032;1.389;.;10.300;1.068;0.025;0.109;12.389;0.252;117.001;3.974;7.943;9.935;2.915;0.043;1.492;2.073;0.544;.;.;.;.;.;0.098;.;.
"ALL BARANGAYS";"....Bulacan";103.894;0.054;.;0.416;.;.;.;.;0.657;0.046;0.833;0.268;0.202;2.373;.;238.430;4.862;31.283;2.854;0.542;0.671;1.838;4.325;2.768;0.990;1.014;0.627;1.330;.;1.807;1.335;4.283;0.061;2.368;3.384;.;1.612;1.474;0.401;.;.;10.702;3.236;5.249;0.767;1.579;2.011;.;13.871;0.772;0.056;0.007;13.821;0.024;122.230;1.090;7.484;9.026;4.423;0.822;0.487;2.027;0.367;.;.;.;.;.;0.629;.;.
"ALL BARANGAYS";"....Nueva Ecija";117.423;0.040;.;0.284;.;.;.;.;0.803;0.139;0.410;0.314;0.273;4.003;.;134.137;5.187;57.054;3.056;0.661;1.585;1.737;5.240;2.586;0.589;1.410;0.464;1.724;.;1.856;2.204;5.656;0.176;1.300;2.850;.;1.852;1.527;0.926;.;.;8.322;2.979;4.698;1.313;1.371;1.652;.;11.815;0.761;0.452;0.199;9.905;1.333;118.463;3.564;4.737;7.795;4.347;0.684;0.185;0.640;1.115;.;.;.;.;.;0.667;.;.
"ALL BARANGAYS";"....Pampanga";108.302;0.054;.;0.560;.;.;.;.;0.577;0.093;0.106;0.201;0.232;1.862;.;207.055;2.946;16.028;2.963;1.206;1.660;1.391;2.853;2.775;2.231;0.789;0.528;3.284;.;1.028;1.663;3.577;0.287;1.794;3.221;.;0.536;1.399;0.555;.;.;10.578;1.806;2.300;0.250;0.716;1.502;.;10.434;0.908;0.041;0.400;13.343;0.402;76.640;5.050;7.968;12.847;3.891;1.089;0.066;1.307;0.469;.;.;.;.;.;0.562;.;.
"ALL BARANGAYS";"....Tarlac";112.071;0.039;.;0.194;.;.;.;.;0.213;0.131;0.113;0.130;0.036;3.399;.;179.796;4.390;79.829;3.098;0.677;1.043;1.442;4.804;3.054;0.772;1.754;0.503;1.095;.;1.354;2.888;6.906;0.152;1.880;3.266;.;0.841;2.403;0.945;.;.;10.486;1.875;2.414;0.612;1.166;1.674;.;14.155;0.997;0.303;0.270;11.322;0.051;117.359;0.184;7.877;8.598;4.065;0.484;0.211;0.370;0.702;.;.;.;.;.;0.719;.;.
"ALL BARANGAYS";"....Zambales";126.680;0.357;.;0.194;.;.;.;.;1.227;0.182;0.232;0.143;0.234;2.526;.;330.161;4.845;52.665;5.537;1.841;1.066;2.181;5.243;4.430;1.217;1.830;0.987;1.658;.;1.699;2.078;4.587;0.662;1.792;3.179;.;2.263;2.035;1.540;.;.;11.292;2.370;10.384;0.592;1.836;1.862;.;13.306;2.609;0.108;0.175;10.174;0.005;100.316;1.425;6.188;7.529;4.693;1.112;4.041;0.997;0.109;.;.;.;.;.;0.680;.;.
"ALL BARANGAYS";"..Southern Tagalog";.;.;.;.;.;.;.;.;.;.;.;.;.;.;.;.;.;.;.;.;.;.;.;.;.;.;.;.;.;.;.;.;.;.;.;.;.;.;.;.;.;.;.;.;.;.;.;.;.;.;.;.;.;.;.;.;.;.;.;.;.;.;.;.;.;.;.;.;.;.;.
"ALL BARANGAYS";"..Region IV-A (CALABARZON)";95.208;0.043;.;0.407;.;.;.;.;0.701;0.105;0.467;0.180;0.663;2.231;.;219.130;3.515;41.678;2.750;2.404;0.622;1.437;3.572;1.995;1.682;1.109;0.518;0.888;.;1.155;1.532;2.890;0.124;1.505;2.835;.;1.237;2.042;0.550;.;.;10.765;7.148;3.121;1.204;2.657;1.893;.;11.632;0.442;0.115;0.022;10.428;0.072;105.467;0.565;4.296;7.116;4.909;0.264;1.659;0.346;0.162;.;.;.;.;.;0.290;.;.
"ALL BARANGAYS";"....Batangas";94.280;0.002;.;0.495;.;.;.;.;0.513;0.046;0.179;0.136;0.240;1.919;.;165.998;5.640;14.789;2.203;1.640;0.362;0.666;3.423;1.849;0.139;0.698;0.138;0.411;.;0.445;1.809;2.373;0.037;1.397;2.358;.;1.121;3.119;0.348;.;.;8.826;5.389;1.720;0.233;2.623;2.043;.;14.152;0.164;0.024;0.001;9.500;0.052;108.655;0.176;2.401;6.881;5.597;0.174;2.375;0.128;0.114;.;.;.;.;.;1.041;.;.
"ALL BARANGAYS";"....Cavite";88.040;0.007;.;0.216;.;.;.;.;0.382;0.027;0.460;0.427;..;1.960;.;300.870;4.374;18.500;1.742;2.535;0.278;1.541;3.709;1.859;2.916;0.638;0.507;0.779;.;0.470;0.984;2.983;0.099;1.140;2.435;.;0.733;1.997;0.424;.;.;11.756;4.603;3.409;2.958;2.325;1.285;.;11.354;1.101;..;0.051;10.199;0.045;116.663;0.623;5.422;7.404;6.353;0.390;1.975;0.394;0.229;.;.;.;.;.;0.149;.;.
"ALL BARANGAYS";"....Laguna";98.604;0.099;.;0.395;.;.;.;.;1.341;0.220;1.174;0.315;0.353;2.663;.;267.240;4.222;32.188;2.149;2.045;0.755;2.008;2.813;2.160;2.135;1.285;0.541;1.176;.;1.830;1.855;2.577;0.134;1.381;3.264;.;1.669;1.470;0.461;.;.;10.900;10.018;2.899;0.459;2.957;2.052;.;10.078;0.286;0.348;0.047;9.506;0.027;103.093;0.356;3.585;6.832;3.718;0.222;2.379;0.343;0.140;.;.;.;.;.;0.210;.;.
"ALL BARANGAYS";"....Quezon";105.207;0.080;.;0.802;.;.;.;.;0.843;0.193;0.468;0.013;2.559;1.597;.;154.134;2.699;79.432;4.016;3.532;1.113;1.720;3.469;1.665;1.531;0.798;0.294;0.799;.;1.452;1.548;2.812;0.177;1.451;2.433;.;1.906;2.357;0.514;.;.;12.423;12.175;4.177;0.953;4.155;2.140;.;10.002;0.191;0.194;0.004;8.790;0.003;84.505;1.241;2.981;4.527;4.520;0.080;1.703;0.600;0.196;.;.;.;.;.;..;.;.
"ALL BARANGAYS";"....Rizal";90.148;0.020;.;0.155;.;.;.;.;0.441;0.035;0.036;0.003;0.020;2.983;.;193.781;1.300;55.321;3.454;1.996;0.546;1.074;4.328;2.422;1.235;2.043;1.005;1.167;.;1.459;1.597;3.523;0.149;2.132;3.607;.;0.775;1.524;0.944;.;.;9.310;3.365;2.947;0.992;1.242;2.024;.;13.191;0.348;0.006;..;13.813;0.228;114.881;0.287;6.438;9.857;4.391;0.421;0.126;0.197;0.111;.;.;.;.;.;0.269;.;.
"ALL BARANGAYS";"..MIMAROPA Region";126.312;0.078;.;0.604;.;.;.;.;0.863;0.192;0.252;0.307;0.510;1.728;.;95.751;2.446;69.240;4.107;5.440;1.526;0.375;5.105;2.714;0.270;1.713;0.251;0.517;.;0.761;2.552;2.254;0.063;1.111;2.257;.;1.938;3.712;0.866;.;.;9.433;13.518;4.973;1.751;3.077;1.979;.;8.300;1.355;0.160;0.156;5.378;0.152;62.799;4.998;2.639;1.566;4.238;0.976;5.999;0.501;0.787;.;.;.;.;.;0.078;.;.
"ALL BARANGAYS";"....Marinduque";106.118;0.059;.;1.236;.;.;.;.;0.670;0.060;0.118;0.015;1.177;1.647;.;221.914;2.833;75.928;2.839;1.196;1.279;1.140;3.721;2.707;0.731;1.192;0.284;0.493;.;0.764;2.522;1.941;0.102;1.044;2.455;.;0.720;2.858;0.760;.;.;7.015;5.922;2.662;1.261;1.133;1.824;.;7.585;1.004;0.192;0.043;4.891;0.044;67.361;0.211;0.942;0.487;7.562;0.392;7.742;0.671;0.099;.;.;.;.;.;..;.;.
"ALL BARANGAYS";"....Mindoro Occidental";142.169;0.032;.;1.029;.;.;.;.;0.779;0.044;0.302;0.036;0.584;2.525;.;154.624;1.437;47.829;3.195;0.647;2.440;0.302;6.116;3.200;0.231;1.621;0.186;0.414;.;1.005;1.878;4.105;0.003;1.356;2.050;.;2.042;2.652;0.541;.;.;10.420;5.406;5.051;0.111;1.129;1.110;.;12.379;0.776;0.069;0.230;6.089;0.429;89.985;2.144;5.764;3.851;4.749;0.778;2.055;0.381;0.684;.;.;.;.;.;0.015;.;.
"ALL BARANGAYS";"....Mindoro Oriental";120.397;0.078;.;0.297;.;.;.;.;0.865;0.222;0.290;0.222;0.648;1.986;.;78.579;1.434;50.789;2.591;2.197;1.058;0.433;4.832;2.108;0.254;1.387;0.183;0.630;.;0.325;2.888;1.968;0.019;0.946;2.204;.;1.614;4.478;0.854;.;.;6.969;16.955;4.777;0.495;2.698;2.397;.;9.312;0.545;0.221;0.005;5.250;0.062;77.823;3.161;1.412;2.868;2.447;0.083;5.069;0.649;0.035;.;.;.;.;.;0.195;.;.
"ALL BARANGAYS";"....Palawan";130.067;0.078;.;0.502;.;.;.;.;0.985;0.246;0.275;0.552;0.142;1.213;.;62.426;3.362;68.325;5.867;10.127;1.540;0.167;5.814;3.112;0.202;2.127;0.301;0.523;.;0.975;2.824;1.869;0.119;1.222;2.396;.;2.719;3.612;0.956;.;.;11.404;15.683;5.347;3.656;4.500;1.970;.;6.142;2.338;0.159;0.267;5.331;0.155;39.408;9.451;2.958;0.286;4.399;1.806;7.310;0.443;1.655;.;.;.;.;.;..;.;.
"ALL BARANGAYS";"....Romblon";119.270;0.176;.;0.743;.;.;.;.;0.637;0.228;0.064;0.232;0.974;1.868;.;83.474;3.041;163.334;3.903;7.207;1.601;0.554;2.338;2.063;0.273;1.552;0.334;0.334;.;0.785;1.466;1.951;0.020;0.786;2.000;.;0.436;4.293;1.161;.;.;9.069;13.765;5.872;0.641;3.110;2.320;.;8.175;0.927;0.104;0.121;5.208;0.040;66.860;0.433;1.275;0.065;5.408;1.027;8.460;0.341;0.162;.;.;.;.;.;0.228;.;.
"ALL BARANGAYS";"..Region V (Bicol Region)";115.851;0.080;.;6.405;.;.;.;.;1.197;0.117;0.067;0.778;0.064;1.747;.;259.757;3.384;70.352;8.934;5.452;0.876;0.795;4.278;2.599;0.694;1.568;0.570;1.035;.;1.871;2.215;2.579;0.141;1.720;2.522;.;1.302;3.146;0.785;.;.;11.611;7.673;3.438;2.092;2.595;2.875;.;9.397;0.814;0.053;0.005;6.642;0.183;68.220;3.887;1.588;4.791;4.699;0.325;2.351;0.636;0.141;.;.;.;.;.;0.035;.;.
"ALL BARANGAYS";"....Albay";108.553;0.014;.;0.162;.;.;.;.;0.347;0.044;0.019;0.105;..;1.702;.;259.092;1.705;42.934;11.324;3.056;0.566;0.238;4.804;3.452;0.833;1.455;0.356;0.810;.;3.033;2.878;2.876;0.226;2.190;2.594;.;0.984;4.065;0.797;.;.;12.477;2.961;3.361;2.333;2.019;2.620;.;10.658;0.546;0.014;..;6.086;..;71.542;1.696;0.472;3.843;8.058;0.551;4.800;0.032;0.144;.;.;.;.;.;0.032;.;.
"ALL BARANGAYS";"....Camarines Norte";109.766;0.031;.;0.119;.;.;.;.;2.036;0.086;0.245;1.290;0.000;1.325;.;185.107;4.121;163.712;5.150;2.065;0.173;0.849;2.546;1.812;0.411;0.510;0.413;1.154;.;0.761;1.466;1.166;0.006;1.590;2.066;.;1.085;1.222;0.370;.;.;13.142;8.111;2.678;3.347;2.295;1.352;.;10.665;0.341;0.049;0.000;11.096;0.000;69.594;0.089;1.579;0.919;10.342;0.084;1.340;1.028;0.067;.;.;.;.;.;0.000;.;.
"ALL BARANGAYS";"....Camarines Sur";121.372;0.061;.;0.176;.;.;.;.;1.750;0.242;0.043;1.418;0.070;2.177;.;321.173;4.625;34.436;6.995;3.655;1.335;1.540;6.040;2.591;1.199;2.046;1.022;1.642;.;2.734;2.647;3.766;0.230;2.461;3.333;.;1.908;2.958;1.038;.;.;14.087;10.636;2.279;2.540;4.490;4.433;.;10.411;1.194;0.000;0.010;8.208;0.482;86.312;6.997;1.394;10.314;3.673;0.188;1.116;0.920;0.242;.;.;.;.;.;0.078;.;.
"ALL BARANGAYS";"....Catanduanes";101.152;0.151;.;0.130;.;.;.;.;0.174;0.059;0.277;0.352;0.355;1.480;.;364.709;3.186;110.478;4.527;1.592;0.529;0.249;2.429;2.265;0.657;0.520;0.240;0.763;.;0.735;0.741;1.642;0.130;1.199;1.903;.;0.896;1.651;0.640;.;.;7.486;3.266;3.389;2.412;2.074;2.050;.;10.226;0.366;0.985;..;6.657;..;63.500;0.788;0.769;0.868;2.940;0.382;7.323;0.344;0.044;.;.;.;.;.;..;.;.
"ALL BARANGAYS";"....Masbate";121.361;0.110;.;29.489;.;.;.;.;0.747;0.017;0.023;0.114;0.051;1.438;.;97.947;2.853;120.108;15.133;13.227;0.748;0.027;3.107;2.526;0.015;1.799;0.205;0.262;.;0.276;1.619;1.109;0.004;0.595;1.649;.;0.782;3.947;0.692;.;.;8.698;9.354;6.624;1.213;1.121;1.327;.;5.929;0.996;..;..;3.677;..;44.383;0.819;2.886;0.251;2.074;0.566;1.650;0.493;..;.;.;.;.;.;..;.;.
"ALL BARANGAYS";"....Sorsogon";108.314;0.206;.;0.189;.;.;.;.;1.306;0.055;0.108;0.761;0.118;1.389;.;380.561;2.518;58.109;4.129;4.310;0.728;0.818;1.746;2.090;0.315;0.863;0.338;0.848;.;1.364;1.890;2.298;0.072;0.930;1.924;.;1.088;2.689;0.463;.;.;7.868;3.471;1.978;0.887;0.475;2.452;.;9.378;0.152;0.084;0.012;4.753;0.026;49.093;6.630;1.836;0.829;4.144;0.123;2.927;0.743;0.155;.;.;.;.;.;0.002;.;.
"ALL BARANGAYS";"..Region VI (Western Visayas)";123.373;0.331;.;6.597;.;.;.;.;1.781;0.342;0.311;0.247;0.624;2.176;.;233.777;3.969;88.165;3.928;2.448;0.309;0.757;3.869;2.924;0.409;1.306;0.874;1.145;.;0.580;1.807;3.532;0.050;1.202;2.644;.;0.539;4.212;0.934;.;.;14.020;13.490;4.044;1.130;2.960;1.405;.;8.775;1.397;0.135;0.054;8.742;0.324;74.861;2.172;7.724;1.206;5.859;0.092;2.022;1.518;0.234;.;.;.;.;.;0.711;.;.
"ALL BARANGAYS";"....Aklan";124.628;0.085;.;0.374;.;.;.;.;1.668;0.204;0.293;0.422;0.700;1.965;.;54.077;3.096;47.260;2.697;5.851;0.419;0.500;3.379;3.737;0.231;1.250;0.410;1.199;.;1.257;1.623;2.137;0.057;1.564;3.249;.;0.224;3.297;0.814;.;.;10.349;22.228;1.815;1.117;6.293;1.326;.;10.258;1.289;0.221;0.006;7.388;0.375;58.712;3.261;7.883;1.596;2.843;0.124;1.410;2.255;0.563;.;.;.;.;.;0.117;.;.
"ALL BARANGAYS";"....Antique";141.240;0.084;.;0.253;.;.;.;.;0.868;0.066;0.117;0.359;0.414;1.356;.;70.395;2.421;97.986;10.551;4.761;0.637;0.217;3.381;2.242;0.169;1.341;0.195;0.532;.;0.244;1.599;2.338;0.020;0.973;1.876;.;0.091;2.311;1.508;.;.;8.155;4.755;3.671;0.428;2.652;0.513;.;5.435;1.073;0.058;0.009;5.813;0.068;51.769;2.114;1.682;0.329;9.264;0.207;8.213;0.291;0.245;.;.;.;.;.;0.003;.;.
"ALL BARANGAYS";"....Capiz";127.229;0.323;.;0.408;.;.;.;.;1.286;0.145;0.217;0.073;0.151;1.760;.;43.532;0.493;116.963;3.122;3.561;0.475;0.144;2.681;2.050;0.111;1.061;0.231;0.342;.;0.587;1.503;1.963;0.021;0.904;2.048;.;1.309;3.542;0.658;.;.;13.772;16.882;2.580;1.927;5.170;0.727;.;9.142;1.291;0.644;0.029;6.925;0.574;42.689;4.217;7.709;1.556;2.189;0.090;0.239;1.380;0.382;.;.;.;.;.;..;.;.
"ALL BARANGAYS";"....Guimaras";130.436;0.366;.;0.404;.;.;.;.;1.604;0.369;0.466;0.322;0.575;1.757;.;128.777;4.004;118.642;1.761;1.969;1.163;0.417;3.417;2.210;0.117;1.892;0.305;0.489;.;0.370;2.025;3.536;0.065;1.175;2.816;.;0.908;4.604;0.642;.;.;10.638;14.009;4.606;0.986;2.659;1.509;.;8.333;1.293;0.068;0.214;7.389;0.020;63.513;2.805;9.044;1.408;3.323;0.428;1.989;1.217;0.188;.;.;.;.;.;..;.;.
"ALL BARANGAYS";"....Iloilo";130.401;0.276;.;0.446;.;.;.;.;1.704;0.339;0.432;0.433;0.882;2.570;.;193.346;4.977;61.374;1.783;1.495;0.303;0.544;3.247;2.199;0.217;1.434;0.500;1.127;.;0.505;1.828;4.656;0.127;0.959;2.458;.;0.527;3.828;1.077;.;.;11.344;10.697;4.871;0.902;2.402;1.954;.;11.114;2.002;0.165;0.030;10.403;0.861;89.656;3.734;8.131;1.747;4.895;0.167;3.356;1.943;0.171;.;.;.;.;.;0.038;.;.
"ALL BARANGAYS";"....Negros Occidental";114.755;0.459;.;14.024;.;.;.;.;2.129;0.463;0.297;0.119;0.604;2.260;.;367.936;4.595;102.605;4.368;1.614;0.159;1.171;4.668;3.490;0.671;1.266;1.461;1.450;.;0.551;1.927;3.750;0.017;1.366;2.881;.;0.527;5.098;0.840;.;.;17.575;14.147;4.402;1.235;2.190;1.420;.;7.748;1.171;0.015;0.084;9.089;0.027;81.470;0.648;8.564;0.912;7.230;0.009;0.600;1.401;0.169;.;.;.;.;.;1.515;.;.
"ALL BARANGAYS";"..Region VII (Central Visayas)";80.049;0.126;.;37.140;.;.;.;.;1.623;0.149;0.509;0.223;0.598;1.715;.;185.904;4.601;63.781;3.866;1.880;1.116;0.526;3.507;1.429;1.296;1.533;0.506;1.012;.;0.701;1.643;1.467;0.132;1.157;1.948;.;0.500;4.216;1.247;.;.;11.102;8.336;4.296;0.476;2.032;0.813;.;10.476;0.737;0.021;0.053;7.661;0.006;85.295;0.550;2.776;0.249;7.347;0.209;4.464;0.605;0.213;.;.;.;.;.;0.044;.;.
"ALL BARANGAYS";"....Bohol";115.421;0.154;.;4.365;.;.;.;.;1.523;0.085;0.093;0.168;0.790;1.494;.;51.923;1.631;72.351;4.951;2.370;1.160;0.350;2.989;1.510;0.727;0.864;0.202;0.320;.;1.066;2.516;0.952;0.060;1.178;1.314;.;0.579;2.808;0.423;.;.;8.017;9.814;2.232;0.171;2.227;0.370;.;5.733;0.689;0.075;0.015;3.742;..;58.390;0.219;2.924;0.596;4.221;0.169;3.700;0.397;0.245;.;.;.;.;.;0.045;.;.
"ALL BARANGAYS";"....Cebu";67.802;0.098;.;46.210;.;.;.;.;1.541;0.161;0.614;0.258;0.593;1.728;.;197.498;5.638;57.072;3.418;1.454;1.116;0.292;3.534;1.017;1.182;1.769;0.462;1.055;.;0.435;1.590;1.235;0.141;0.944;1.781;.;0.519;4.195;1.357;.;.;11.140;7.360;2.974;0.375;1.648;0.674;.;11.767;0.352;0.007;0.041;8.170;..;96.186;0.012;2.318;0.131;7.334;0.071;3.757;0.728;0.217;.;.;.;.;.;0.054;.;.
"ALL BARANGAYS";"....Negros Oriental";80.803;0.193;.;42.537;.;.;.;.;2.039;0.184;0.639;0.159;0.441;1.886;.;298.301;4.512;76.958;4.255;2.729;1.057;1.483;4.009;2.652;2.304;1.524;0.980;1.654;.;1.190;0.930;2.830;0.184;1.841;3.156;.;0.375;5.915;1.780;.;.;14.537;9.931;10.882;1.156;3.059;1.759;.;11.532;1.999;0.008;0.132;10.376;0.028;80.221;2.687;4.286;0.268;11.068;0.608;7.273;0.468;0.179;.;.;.;.;.;0.014;.;.
"ALL BARANGAYS";"....Siquijor";98.301;0.031;.;39.449;.;.;.;.;0.946;0.053;0.139;0.391;0.172;2.072;.;80.323;3.038;55.364;2.494;2.025;1.332;0.409;2.987;1.840;0.769;0.904;0.352;0.403;.;0.423;0.956;0.552;0.087;0.877;2.050;.;0.165;2.280;1.057;.;.;7.103;8.226;2.785;0.126;2.182;0.504;.;7.759;1.321;0.003;0.037;4.954;0.050;62.402;..;0.078;0.110;2.212;1.572;8.890;0.036;..;.;.;.;.;.;..;.;.
"ALL BARANGAYS";"..Region VIII (Eastern Visayas)";118.048;0.260;.;21.428;.;.;.;.;1.272;0.095;0.140;0.173;0.385;2.103;.;342.039;2.731;101.153;6.858;6.967;1.590;0.163;4.832;2.152;0.605;1.070;0.201;0.577;.;1.171;1.281;1.442;0.027;0.857;1.766;.;0.737;3.618;0.472;.;.;13.297;5.885;2.627;1.192;3.060;0.977;.;8.954;0.122;0.295;0.007;6.902;0.033;71.975;0.825;2.061;0.375;7.193;0.488;4.520;0.380;0.881;.;.;.;.;.;0.049;.;.
"ALL BARANGAYS";"....Biliran";123.438;0.070;.;0.425;.;.;.;.;0.950;0.115;0.072;0.115;0.489;0.927;.;136.525;0.756;26.121;4.166;6.593;0.137;0.029;4.072;2.318;1.298;1.228;0.205;0.449;.;0.556;0.870;0.431;0.003;0.333;0.505;.;1.011;3.724;0.171;.;.;11.748;1.010;3.109;0.806;0.764;0.124;.;6.735;0.136;0.019;0.012;3.879;..;34.736;0.181;0.467;0.134;12.598;0.337;0.250;0.078;0.103;.;.;.;.;.;..;.;.
"ALL BARANGAYS";"....Eastern Samar";98.115;0.393;.;0.083;.;.;.;.;2.116;0.042;0.534;0.351;0.418;2.171;.;274.546;3.018;33.938;11.791;7.501;2.066;0.442;5.088;2.790;1.120;0.718;0.562;1.160;.;1.822;1.604;2.126;0.036;1.367;2.507;.;1.053;5.023;0.469;.;.;15.297;3.692;1.941;1.245;3.419;2.263;.;9.145;0.126;1.118;..;7.529;..;68.928;0.048;2.337;0.124;3.360;0.559;6.522;0.585;1.856;.;.;.;.;.;..;.;.
"ALL BARANGAYS";"....Leyte";114.006;0.407;.;44.358;.;.;.;.;1.912;0.132;0.082;0.187;0.558;2.088;.;454.771;4.133;33.081;6.515;7.089;0.346;0.213;6.109;2.573;0.743;1.523;0.254;0.663;.;1.186;1.064;2.030;0.019;0.994;2.174;.;0.254;5.251;0.849;.;.;15.983;9.162;3.483;1.249;5.062;1.250;.;11.052;0.139;0.221;0.007;10.172;..;92.938;0.867;2.320;0.450;11.312;0.905;5.551;0.279;0.578;.;.;.;.;.;0.004;.;.
"ALL BARANGAYS";"....Northern Samar";121.252;0.200;.;0.175;.;.;.;.;0.932;0.063;0.177;0.457;0.065;2.544;.;381.473;3.913;90.781;9.983;7.478;1.005;0.065;4.269;2.095;0.134;0.806;0.087;0.565;.;1.354;2.713;0.775;0.047;0.922;1.869;.;3.308;4.025;0.388;.;.;11.694;6.441;2.166;3.390;0.512;0.816;.;7.167;0.146;0.797;..;6.941;0.084;51.532;1.028;2.694;0.590;5.437;0.151;2.710;0.692;1.101;.;.;.;.;.;0.254;.;.
"ALL BARANGAYS";"....Southern Leyte";128.139;0.137;.;0.665;.;.;.;.;1.161;0.202;0.104;0.142;0.088;1.608;.;207.312;1.999;38.607;6.929;4.557;1.942;0.290;3.314;1.643;0.796;0.942;0.267;0.732;.;1.050;0.927;1.890;0.086;0.944;2.277;.;0.726;2.610;0.243;.;.;12.568;12.062;3.177;1.483;2.585;1.300;.;10.239;0.338;0.118;0.003;5.814;0.071;91.385;0.686;0.494;0.183;3.797;0.227;6.734;0.216;0.396;.;.;.;.;.;0.265;.;.
"ALL BARANGAYS";"....Samar (Western Samar)";126.372;0.081;.;12.732;.;.;.;.;0.229;0.035;0.086;0.003;0.310;2.246;.;257.357;0.652;257.325;4.747;7.187;3.513;0.003;3.645;1.457;0.233;0.653;0.013;0.211;.;0.959;1.128;0.573;0.014;0.491;0.876;.;0.368;0.873;0.065;.;.;9.662;0.524;1.575;0.267;1.384;0.178;.;6.385;0.020;0.009;0.012;2.643;0.067;49.089;1.108;2.042;0.373;3.574;0.076;2.829;0.430;1.133;.;.;.;.;.;..;.;.
"ALL BARANGAYS";"..Western Mindanao";.;.;.;.;.;.;.;.;.;.;.;.;.;.;.;.;.;.;.;.;.;.;.;.;.;.;.;.;.;.;.;.;.;.;.;.;.;.;.;.;.;.;.;.;.;.;.;.;.;.;.;.;.;.;.;.;.;.;.;.;.;.;.;.;.;.;.;.;.;.;.
"ALL BARANGAYS";"..Region IX (Zamboanga Peninsula)";36.389;0.148;.;159.924;.;.;.;.;1.484;0.239;0.010;0.152;0.746;1.870;.;148.599;2.459;25.889;17.333;13.390;1.786;0.149;7.225;2.788;1.477;2.482;0.105;0.400;.;0.517;4.083;1.201;0.057;0.838;1.527;.;1.079;5.449;1.041;.;.;13.159;11.264;7.808;1.095;3.425;0.709;.;3.901;0.424;2.185;0.298;5.163;0.310;49.506;2.328;1.046;1.042;7.596;0.331;5.519;0.388;0.082;.;.;.;.;.;0.082;.;.
"ALL BARANGAYS";"....Zamboanga Del Norte";35.015;0.020;.;147.159;.;.;.;.;0.556;0.002;..;0.016;0.351;1.362;.;34.172;0.740;72.498;6.584;9.808;2.353;0.085;3.043;0.562;1.482;1.775;0.156;0.350;.;0.233;1.933;0.743;0.075;0.706;1.153;.;0.634;6.093;0.898;.;.;11.095;14.315;9.119;0.548;4.036;0.430;.;3.974;0.910;0.023;0.002;3.577;0.004;34.123;0.086;0.253;0.044;4.224;1.101;2.639;0.023;0.070;.;.;.;.;.;0.004;.;.
"ALL BARANGAYS";"....Zamboanga Del Sur";23.557;0.224;.;177.081;.;.;.;.;2.144;0.385;0.011;0.182;1.046;2.200;.;180.611;3.037;4.840;24.750;16.711;1.825;0.210;8.889;4.087;1.818;2.817;0.089;0.475;.;0.683;5.303;1.391;0.045;0.938;1.600;.;1.403;5.428;1.073;.;.;14.842;10.210;7.574;1.513;3.283;0.838;.;4.003;0.242;3.535;0.477;6.062;0.491;54.678;3.634;1.128;1.672;8.368;0.112;7.528;0.544;0.008;.;.;.;.;.;0.131;.;.
"ALL BARANGAYS";"....Zamboanga City";.;.;.;.;.;.;.;.;.;.;.;.;.;.;.;.;.;.;.;.;.;.;.;.;.;.;.;.;.;.;.;.;.;.;.;.;.;.;.;.;.;.;.;.;.;.;.;.;.;.;.;.;.;.;.;.;.;.;.;.;.;.;.;.;.;.;.;.;.;.;.
"ALL BARANGAYS";"....Zamboanga Sibugay";88.593;0.042;.;111.978;.;.;.;.;0.293;0.020;0.020;0.239;0.165;1.344;.;194.743;2.775;38.397;4.434;5.773;0.787;0.004;6.978;1.043;0.133;2.234;0.093;0.177;.;0.295;2.535;1.145;0.078;0.645;1.805;.;0.476;4.567;1.131;.;.;9.669;10.819;6.760;0.283;3.062;0.622;.;3.395;0.409;0.149;0.037;4.020;0.061;52.315;0.578;1.912;0.071;9.623;0.034;1.979;0.323;0.390;.;.;.;.;.;0.012;.;.
"ALL BARANGAYS";"..Region X (Northern Mindanao)";104.351;0.233;.;45.496;.;.;.;.;1.178;0.190;0.167;0.219;1.149;2.095;.;141.441;2.739;62.894;4.650;4.944;1.219;0.419;3.748;1.734;1.913;1.754;0.436;0.713;.;0.904;1.690;1.905;0.268;0.893;1.665;.;0.441;4.248;0.706;.;.;13.627;11.293;4.224;1.115;2.567;0.809;.;6.867;1.153;0.213;0.145;6.553;0.165;64.006;1.287;1.566;1.334;5.511;0.569;5.587;0.430;0.190;.;.;.;.;.;0.061;.;.
"ALL BARANGAYS";"....Bukidnon";85.484;0.127;.;74.150;.;.;.;.;1.388;0.084;0.106;0.168;1.378;1.478;.;52.607;1.537;56.269;5.186;8.450;2.116;0.261;4.104;1.600;3.106;1.574;0.334;0.481;.;1.448;2.455;2.104;0.273;0.883;1.534;.;0.344;5.349;0.647;.;.;13.546;8.118;3.194;2.082;1.913;0.341;.;7.109;0.991;0.299;0.059;5.734;0.228;46.102;1.146;1.799;1.136;4.590;0.035;3.132;0.177;0.196;.;.;.;.;.;0.065;.;.
"ALL BARANGAYS";"....Camiguin";118.837;0.616;.;2.063;.;.;.;.;0.914;0.601;0.319;0.143;1.194;1.655;.;67.773;3.951;101.951;1.973;1.777;0.566;0.340;1.892;1.458;1.032;1.111;0.226;0.422;.;0.693;1.428;0.731;0.076;0.694;1.268;.;0.353;2.088;0.425;.;.;7.580;8.946;4.339;0.582;3.816;0.373;.;8.908;0.428;0.051;0.152;7.024;0.070;77.200;1.761;0.586;0.157;1.698;0.632;5.719;0.083;0.092;.;.;.;.;.;0.131;.;.
"ALL BARANGAYS";"....Lanao Del Norte";112.373;0.055;.;41.940;.;.;.;.;0.940;0.162;0.240;0.203;0.574;2.480;.;179.891;2.885;58.765;3.107;5.743;1.102;0.268;3.872;1.465;1.930;1.916;0.476;0.723;.;0.811;1.282;1.484;0.098;0.758;1.676;.;0.675;5.336;1.007;.;.;16.745;12.937;3.539;0.404;3.374;1.270;.;4.278;0.975;0.335;0.094;6.724;0.314;54.896;3.292;1.509;2.737;6.730;0.524;5.353;0.860;0.290;.;.;.;.;.;0.012;.;.
"ALL BARANGAYS";"....Misamis Occidental";106.631;0.109;.;44.789;.;.;.;.;1.543;0.152;0.059;0.352;1.147;1.740;.;150.427;3.175;51.125;6.508;3.334;0.929;0.201;4.081;1.811;0.841;2.573;0.182;0.469;.;0.602;1.539;1.420;0.062;1.045;1.676;.;0.620;4.239;0.503;.;.;12.025;10.984;4.688;1.053;2.969;0.456;.;7.439;1.176;0.206;0.081;6.186;0.064;61.463;0.432;1.331;0.928;9.570;1.728;7.190;0.605;0.259;.;.;.;.;.;..;.;.
"ALL BARANGAYS";"....Misamis Oriental";110.181;0.506;.;29.342;.;.;.;.;1.046;0.290;0.198;0.211;1.455;2.463;.;178.811;3.252;75.000;4.769;2.555;0.809;0.787;3.318;2.046;1.574;1.381;0.626;1.029;.;0.728;1.530;2.434;0.528;0.951;1.780;.;0.233;2.611;0.618;.;.;12.273;12.703;5.368;1.028;2.105;0.995;.;8.447;1.468;0.055;0.286;7.205;0.047;86.205;0.099;1.619;0.586;3.371;0.425;6.878;0.196;0.072;.;.;.;.;.;0.125;.;.
"ALL BARANGAYS";"..Southern Mindanao";.;.;.;.;.;.;.;.;.;.;.;.;.;.;.;.;.;.;.;.;.;.;.;.;.;.;.;.;.;.;.;.;.;.;.;.;.;.;.;.;.;.;.;.;.;.;.;.;.;.;.;.;.;.;.;.;.;.;.;.;.;.;.;.;.;.;.;.;.;.;.
"ALL BARANGAYS";"..Region XI (Davao Region)";94.404;0.130;.;40.679;.;.;.;.;1.603;0.141;0.134;0.123;1.099;2.217;.;195.925;3.820;98.037;3.461;1.709;0.603;0.233;6.338;2.469;1.277;1.759;0.442;0.685;.;0.745;1.602;2.589;0.070;1.102;2.171;.;1.140;4.312;0.837;.;.;16.639;14.108;6.191;1.439;3.277;1.557;.;9.789;1.368;0.033;0.021;9.065;0.082;81.233;1.750;4.481;1.145;4.246;0.470;7.372;0.583;0.887;.;.;.;.;.;0.240;.;.
"ALL BARANGAYS";"....Davao Province";.;.;.;.;.;.;.;.;.;.;.;.;.;.;.;.;.;.;.;.;.;.;.;.;.;.;.;.;.;.;.;.;.;.;.;.;.;.;.;.;.;.;.;.;.;.;.;.;.;.;.;.;.;.;.;.;.;.;.;.;.;.;.;.;.;.;.;.;.;.;.
"ALL BARANGAYS";"....Davao Del Norte";129.574;0.256;.;10.477;.;.;.;.;2.468;0.395;0.375;0.248;1.632;2.121;.;201.767;5.601;73.888;4.438;1.470;0.712;0.367;7.157;2.987;2.107;1.919;0.681;1.346;.;0.780;2.174;3.961;0.032;1.302;2.957;.;2.259;5.686;1.055;.;.;18.038;11.118;7.012;1.174;5.275;3.946;.;9.277;2.273;0.049;0.055;9.116;0.177;90.325;4.707;6.439;1.854;5.639;0.109;5.616;1.129;2.332;.;.;.;.;.;0.838;.;.
"ALL BARANGAYS";"....Davao Del Sur";88.074;0.067;.;35.924;.;.;.;.;1.351;0.049;0.049;0.024;0.939;2.569;.;257.238;3.470;120.673;2.038;0.378;0.375;0.158;5.171;2.500;0.597;1.470;0.408;0.366;.;0.883;1.113;1.683;0.057;1.201;2.055;.;0.679;3.345;0.640;.;.;12.721;14.730;6.766;1.355;0.991;0.449;.;11.726;1.418;..;0.009;10.135;0.025;81.018;0.226;3.932;1.101;3.455;0.840;9.409;0.480;0.126;.;.;.;.;.;0.014;.;.
"ALL BARANGAYS";"....Davao City";.;.;.;.;.;.;.;.;.;.;.;.;.;.;.;.;.;.;.;.;.;.;.;.;.;.;.;.;.;.;.;.;.;.;.;.;.;.;.;.;.;.;.;.;.;.;.;.;.;.;.;.;.;.;.;.;.;.;.;.;.;.;.;.;.;.;.;.;.;.;.
"ALL BARANGAYS";"....Davao Oriental";79.254;0.068;.;61.426;.;.;.;.;0.835;0.043;0.012;0.083;0.424;1.497;.;88.754;1.166;66.160;5.001;3.572;0.837;0.428;7.359;2.234;1.661;2.710;0.332;0.597;.;0.636;2.244;3.205;0.010;0.737;1.477;.;0.982;4.167;0.813;.;.;17.949;13.309;4.796;1.684;4.118;0.798;.;6.849;0.554;0.026;0.016;7.539;0.131;63.546;1.115;4.168;0.186;2.931;0.137;5.970;0.154;0.003;.;.;.;.;.;0.013;.;.
"ALL BARANGAYS";"....Compostela Valley";60.542;0.143;.;94.362;.;.;.;.;1.415;0.031;0.044;0.228;1.173;1.949;.;90.125;3.855;102.094;4.638;4.624;0.891;0.041;7.480;1.598;1.463;1.507;0.192;0.491;.;0.348;1.460;2.238;0.232;0.737;1.653;.;0.576;4.816;1.051;.;.;24.911;18.567;4.085;1.987;5.793;1.108;.;7.375;0.216;0.112;..;7.009;0.034;80.207;1.400;2.734;0.779;5.195;0.309;5.661;0.242;1.271;.;.;.;.;.;..;.;.
"ALL BARANGAYS";"..Central Mindanao";.;.;.;.;.;.;.;.;.;.;.;.;.;.;.;.;.;.;.;.;.;.;.;.;.;.;.;.;.;.;.;.;.;.;.;.;.;.;.;.;.;.;.;.;.;.;.;.;.;.;.;.;.;.;.;.;.;.;.;.;.;.;.;.;.;.;.;.;.;.;.
"ALL BARANGAYS";"..Region XII (SOCCSKSARGEN)";113.944;0.075;.;24.424;.;.;.;.;0.622;0.067;0.050;0.236;0.177;1.763;.;85.676;3.799;41.558;3.654;3.979;1.130;0.148;5.384;2.102;0.838;1.428;0.305;0.490;.;0.782;1.808;3.581;0.080;0.808;2.203;.;0.816;3.770;0.699;.;.;10.431;11.884;3.893;1.313;3.126;0.851;.;6.287;0.991;0.153;0.071;4.928;0.450;53.719;4.770;2.929;3.345;4.565;0.260;5.112;0.235;0.321;.;.;.;.;.;0.142;.;.
"ALL BARANGAYS";"....Cotabato (North Cotabato)";105.561;0.109;.;40.693;.;.;.;.;0.449;0.028;0.003;0.369;0.148;1.646;.;65.012;3.839;22.560;2.674;4.988;1.369;0.081;4.667;1.953;0.697;0.805;0.143;0.355;.;0.902;1.306;2.522;0.005;0.710;1.748;.;0.792;2.815;0.827;.;.;9.960;12.184;4.697;0.575;2.764;0.751;.;4.489;0.338;..;0.038;4.448;0.288;54.480;4.065;3.034;3.072;3.390;0.108;2.858;0.102;0.183;.;.;.;.;.;0.021;.;.
"ALL BARANGAYS";"....Sarangani";93.427;0.020;.;41.651;.;.;.;.;0.553;0.052;0.181;0.562;0.129;1.749;.;58.634;2.412;140.434;3.897;4.263;0.853;0.162;5.621;1.681;0.575;1.458;0.243;0.419;.;0.382;1.415;3.366;0.027;0.553;2.390;.;0.759;3.513;0.746;.;.;15.847;14.137;3.292;1.663;4.571;1.165;.;4.634;1.030;0.136;0.067;4.322;0.249;36.543;1.163;1.632;1.054;8.830;0.419;8.573;0.206;0.140;.;.;.;.;.;..;.;.
"ALL BARANGAYS";"....South Cotabato";124.837;0.099;.;1.608;.;.;.;.;0.342;0.143;0.059;0.056;0.157;1.654;.;53.897;4.128;19.539;3.210;1.270;0.416;0.214;4.856;1.553;0.782;1.186;0.640;0.635;.;0.792;1.958;4.949;0.142;0.779;2.560;.;0.917;2.782;0.268;.;.;7.336;5.185;1.250;1.761;2.411;0.654;.;8.820;1.926;0.326;0.142;5.147;0.863;57.908;3.410;2.867;3.114;3.312;0.280;5.266;0.341;0.237;.;.;.;.;.;0.461;.;.
"ALL BARANGAYS";"....Sultan Kudarat";127.044;0.014;.;15.933;.;.;.;.;1.390;0.042;0.041;0.039;0.291;2.145;.;187.105;4.143;44.910;5.957;5.818;1.889;0.168;7.319;3.439;1.349;2.912;0.166;0.579;.;0.804;2.775;3.720;0.166;1.197;2.413;.;0.753;7.128;1.051;.;.;12.272;19.506;6.586;1.813;3.896;1.120;.;7.046;0.838;0.200;0.035;5.894;0.288;57.330;10.352;3.658;5.658;5.806;0.410;6.854;0.347;0.816;.;.;.;.;.;..;.;.
"ALL BARANGAYS";"..Region XIII (Caraga)";115.368;0.120;.;10.689;.;.;.;.;1.582;0.157;0.162;0.253;0.752;1.723;.;127.445;2.976;68.271;4.987;3.192;0.534;0.258;4.906;2.138;1.662;1.673;0.389;0.899;.;0.664;2.006;1.794;0.087;0.860;1.825;.;0.575;4.225;0.534;.;.;11.976;6.670;3.609;1.169;3.032;0.841;.;8.303;0.673;0.091;0.017;6.081;0.091;76.644;0.847;2.992;1.107;3.927;0.819;6.032;0.601;0.512;.;.;.;.;.;..;.;.
"ALL BARANGAYS";"....Agusan Del Norte";118.740;0.138;.;9.447;.;.;.;.;1.520;0.326;0.241;0.512;0.880;1.654;.;175.403;6.331;44.726;8.668;1.984;0.482;0.676;4.612;2.277;1.963;2.002;0.824;1.467;.;1.180;2.869;2.340;0.136;0.924;1.971;.;0.988;3.842;0.652;.;.;10.239;7.997;4.687;0.801;2.572;0.949;.;9.057;0.946;0.080;0.036;7.148;0.134;93.115;0.136;4.040;0.985;4.037;0.432;5.612;0.572;1.136;.;.;.;.;.;..;.;.
"ALL BARANGAYS";"....Agusan Del Sur";109.184;0.126;.;21.829;.;.;.;.;1.821;0.085;0.170;0.282;1.307;1.323;.;102.608;2.619;52.215;2.500;2.357;0.767;0.164;5.965;2.224;0.923;2.586;0.434;0.599;.;0.729;2.467;2.190;0.170;0.864;1.972;.;0.513;4.092;0.863;.;.;13.951;9.725;3.052;1.487;5.035;0.831;.;7.445;0.669;0.022;0.022;6.298;0.185;75.998;1.372;2.814;1.485;4.080;0.768;5.495;0.317;0.202;.;.;.;.;.;..;.;.
"ALL BARANGAYS";"....Surigao Del Norte";116.186;0.050;.;0.462;.;.;.;.;1.820;0.167;0.181;0.110;0.482;1.735;.;140.492;1.977;108.151;4.004;3.725;0.541;0.161;3.091;1.735;2.847;0.697;0.176;1.184;.;0.489;1.410;1.332;0.008;0.951;1.964;.;0.561;3.757;0.289;.;.;11.600;4.027;3.282;1.307;1.514;0.953;.;10.093;0.647;0.103;..;6.201;..;66.541;0.191;2.620;0.750;5.043;0.782;7.050;0.596;0.490;.;.;.;.;.;..;.;.
"ALL BARANGAYS";"....Surigao Del Sur";121.773;0.204;.;12.348;.;.;.;.;0.903;0.035;0.040;0.130;0.153;2.428;.;89.431;1.254;53.585;5.907;4.248;0.274;0.052;7.382;2.604;0.608;1.570;0.151;0.222;.;0.250;1.360;1.428;0.034;0.717;1.323;.;0.193;5.655;0.286;.;.;12.100;4.549;3.920;1.117;3.135;0.608;.;6.630;0.491;0.219;0.016;4.438;0.053;73.957;1.552;3.149;1.504;1.243;0.299;6.298;1.230;0.316;.;.;.;.;.;..;.;.
"ALL BARANGAYS";"....Dinagat Islands";107.353;0.145;.;6.506;.;.;.;.;1.289;0.117;0.007;0.091;0.487;2.005;.;87.018;0.474;87.210;4.897;8.031;0.184;0.083;2.087;1.753;0.821;0.823;0.093;0.439;.;0.203;0.725;0.674;0.007;0.371;0.963;.;0.286;4.954;0.320;.;.;10.102;5.312;2.438;0.190;2.077;0.412;.;3.669;0.060;0.036;..;4.192;..;71.131;3.187;0.208;0.052;5.114;5.994;3.635;0.212;0.061;.;.;.;.;.;..;.;.
"ALL BARANGAYS";"..Autonomous Region in Muslim Mindanao (ARMM)";139.058;0.015;.;4.383;.;.;.;.;0.542;0.061;0.015;3.305;0.048;4.596;.;160.352;10.645;14.648;5.319;3.147;0.919;0.137;3.483;1.727;1.795;0.429;0.204;0.367;.;1.668;2.040;2.281;0.114;0.864;1.602;.;0.520;2.020;0.578;.;.;9.758;9.780;3.614;0.173;1.052;0.772;.;0.457;1.242;0.010;0.227;7.829;0.187;49.856;9.969;2.969;5.458;5.422;0.151;2.333;0.947;0.088;.;.;.;.;.;0.035;.;.
"ALL BARANGAYS";"....Basilan";107.096;0.023;.;0.307;.;.;.;.;0.503;0.005;..;0.058;0.042;2.839;.;273.188;2.282;71.871;1.405;16.180;0.540;..;2.698;0.952;0.810;0.197;0.006;0.066;.;0.284;1.880;1.268;0.004;0.770;1.586;.;1.500;1.661;0.018;.;.;1.322;16.292;0.502;0.261;0.824;0.352;.;0.323;0.043;0.085;0.017;1.254;0.036;38.397;12.146;0.032;..;7.913;0.472;10.712;0.032;0.003;.;.;.;.;.;..;.;.
"ALL BARANGAYS";"....Lanao Del Sur";156.019;..;.;0.976;.;.;.;.;1.120;0.014;..;0.442;0.011;2.321;.;142.611;2.789;21.821;4.429;6.032;1.037;0.044;2.160;0.948;5.114;0.187;0.254;0.776;.;1.012;0.581;1.465;0.391;0.174;0.631;.;0.108;2.840;0.588;.;.;8.716;3.888;1.915;0.550;2.287;0.274;.;0.326;0.265;0.153;0.130;5.191;0.076;66.422;0.974;1.258;3.196;8.206;0.049;0.281;0.643;..;.;.;.;.;.;..;.;.
"ALL BARANGAYS";"....Maguindanao";140.333;0.013;.;4.929;.;.;.;.;0.451;0.059;0.016;3.601;0.044;4.938;.;155.931;11.850;13.220;5.666;1.822;0.912;0.152;3.684;1.805;1.655;0.453;0.212;0.352;.;1.756;2.218;2.328;0.104;0.835;1.614;.;0.471;1.930;0.615;.;.;10.456;10.434;3.889;0.113;0.908;0.831;.;0.494;1.356;..;0.250;8.463;0.208;49.781;11.035;3.246;6.025;4.485;0.043;1.621;1.037;0.100;.;.;.;.;.;0.040;.;.
"ALL BARANGAYS";"....Sulu";110.014;0.032;.;0.366;.;.;.;.;1.753;0.225;..;3.892;0.272;1.320;.;86.564;1.056;1.140;2.866;23.980;1.755;0.051;1.884;2.133;1.544;0.507;0.141;0.391;.;1.927;0.838;3.634;0.043;2.819;3.028;.;2.012;3.333;0.214;.;.;0.023;3.047;1.488;1.258;3.312;0.675;.;..;1.081;..;..;2.162;..;22.586;..;..;0.061;21.967;2.894;7.998;0.111;..;.;.;.;.;.;..;.;.
"ALL BARANGAYS";"....Tawi-Tawi";112.009;0.144;.;0.004;.;.;.;.;1.201;0.061;0.065;0.767;..;2.528;.;392.133;2.335;17.658;0.255;9.219;0.061;0.015;1.492;0.692;0.134;0.172;0.009;0.205;.;0.670;0.246;1.547;0.008;1.286;1.688;.;0.603;2.139;0.029;.;.;5.046;0.612;2.595;0.098;0.880;0.155;.;..;0.449;..;0.011;2.500;0.009;58.876;0.553;2.950;0.456;11.963;0.844;22.107;0.018;..;.;.;.;.;.;..;.;.
